id,book_id,chapter,cfi,started_at,ended_at,dwell_ms,operation_count,lookup_count,word_count,created_at
9bd5dfef-6760-4903-865a-0d438a6f406e,cb8d61b1-e5e2-4fdd-9024-6ccd08ae4e6e,"Foreword by Alexander Vesely-Frankl","epubcfi(/6/10!/4/2/2,/2/2[pagevi],/6/1:296)",1786047175805,1786047177330,1525,0,0,133,1786047179232
acc5426b-2ee1-4ba2-957c-63ca862937d7,cb8d61b1-e5e2-4fdd-9024-6ccd08ae4e6e,"Foreword by Alexander Vesely-Frankl","epubcfi(/6/10!/4/2/2,/4,/6/1:509)",1786047177330,1786047179118,1788,0,0,168,1786047181021
aa667ed1-7779-48b3-9f88-c91d31d2f40b,cb8d61b1-e5e2-4fdd-9024-6ccd08ae4e6e,"Foreword by Alexander Vesely-Frankl","epubcfi(/6/10!/4/2/2,/4/2/1:1,/8/3:72)",1786047179118,1786047179911,793,0,0,191,1786047181021
1b14e75e-3a1c-474d-bf0d-fb49c7790ce7,cb8d61b1-e5e2-4fdd-9024-6ccd08ae4e6e,"Foreword by Alexander Vesely-Frankl","epubcfi(/6/10!/4/2/2,/6/1:75,/10/3:42)",1786047179911,1786047182147,2236,0,0,187,1786047184051
3f238b19-e0a5-4a7c-a166-c48fe612f807,cb8d61b1-e5e2-4fdd-9024-6ccd08ae4e6e,"Foreword by Alexander Vesely-Frankl","epubcfi(/6/10!/4/2/2,/6/1:75,/10/3:258)",1786047182147,1786047183633,1486,0,0,222,1786047184051
7830a8ce-4435-4476-9bf2-e82cbec21f8d,cb8d61b1-e5e2-4fdd-9024-6ccd08ae4e6e,"Foreword by Alexander Vesely-Frankl","epubcfi(/6/10!/4/2/2,/4/2/1:1,/8/3:359)",1786047183633,1786047186179,2546,0,0,238,1786047188082
b87b47b7-6c8c-4f51-b3c1-cc511078320e,cb8d61b1-e5e2-4fdd-9024-6ccd08ae4e6e,"Foreword by Alexander Vesely-Frankl","epubcfi(/6/10!/4/2/2,/4/2/1:0,/8/3:145)",1786047186179,1786047190668,4489,0,0,202,1786047192570
9e2875e0-bf65-4e54-9fd6-98cd929de2f5,cb8d61b1-e5e2-4fdd-9024-6ccd08ae4e6e,"Foreword by Alexander Vesely-Frankl","epubcfi(/6/10!/4/2/2,/4/2/1:0,/8/3:214)",1786047190668,1786047199830,9162,0,0,213,1786047201733
1744b501-6718-4178-9b96-b0cfd8dc2208,cb8d61b1-e5e2-4fdd-9024-6ccd08ae4e6e,"Foreword by Alexander Vesely-Frankl","epubcfi(/6/10!/4/2/2,/4/2/1:0,/8/3:214)",1786047199830,1786047200871,1041,0,0,213,1786047201733
c756356a-af4a-4e9c-8c00-b5c73d2cc392,cb8d61b1-e5e2-4fdd-9024-6ccd08ae4e6e,"Foreword by Alexander Vesely-Frankl","epubcfi(/6/10!/4/2/2,/4/2/1:0,/8/3:214)",1786047200871,1786047201483,612,0,0,213,1786047203386
20ec7fd9-a9cd-44e6-8785-31753dda2077,cb8d61b1-e5e2-4fdd-9024-6ccd08ae4e6e,"Foreword by Alexander Vesely-Frankl","epubcfi(/6/10!/4/2/2,/4/2/1:0,/8/3:214)",1786047201483,1786047202571,1088,0,0,213,1786047203386
24658c47-988a-4365-99f0-b985f0def77e,cb8d61b1-e5e2-4fdd-9024-6ccd08ae4e6e,"Foreword by Alexander Vesely-Frankl","epubcfi(/6/10!/4/2/2,/4/2/1:0,/8/3:214)",1786047202571,1786047203153,582,0,0,213,1786047205055
8180cdd3-e540-40d8-8d7c-78a9fe86ef90,cb8d61b1-e5e2-4fdd-9024-6ccd08ae4e6e,"Foreword by Alexander Vesely-Frankl","epubcfi(/6/10!/4/2/2,/4/2/1:0,/8/3:214)",1786047203153,1786047204485,1332,0,0,213,1786047205055
c07cdd73-58b0-4395-a6b5-aa91a8728d3b,cb8d61b1-e5e2-4fdd-9024-6ccd08ae4e6e,"Foreword by Alexander Vesely-Frankl","epubcfi(/6/10!/4/2/2,/4/2/1:0,/8/3:214)",1786047204485,1786047211639,7154,0,0,213,1786047211640
f66a6748-3476-4d5e-9b7d-d72bb1d1d52f,cb8d61b1-e5e2-4fdd-9024-6ccd08ae4e6e,"Foreword by Alexander Vesely-Frankl","epubcfi(/6/10!/4/2/2,/8/3:72,/12/1:289)",1786047224518,1786047225099,581,0,0,198,1786047227002
adb8f8ea-cc67-4513-9eb9-f35e575d23b6,cb8d61b1-e5e2-4fdd-9024-6ccd08ae4e6e,"Foreword by Alexander Vesely-Frankl","epubcfi(/6/10!/4/2/2,/4,/6/1:563)",1786047225099,1786047226045,946,0,0,177,1786047227002
d67eb70c-1062-4de3-bcab-759aa05ade07,cb8d61b1-e5e2-4fdd-9024-6ccd08ae4e6e,"Foreword by Alexander Vesely-Frankl","epubcfi(/6/10!/4/2/2,/4/2,/8/3:214)",1786047226045,1786047231690,5645,0,0,213,1786047233593
2f102888-7dc9-4c21-a230-b6367b845007,cb8d61b1-e5e2-4fdd-9024-6ccd08ae4e6e,"Foreword by Alexander Vesely-Frankl","epubcfi(/6/10!/4/2/2,/4/2,/8/3:214)",1786047231690,1786047232881,1191,0,0,213,1786047233593
6ff32ad2-c06e-469b-b47a-ea195e530f55,cb8d61b1-e5e2-4fdd-9024-6ccd08ae4e6e,"Foreword by Alexander Vesely-Frankl","epubcfi(/6/10!/4/2/2,/4/2,/8/3:214)",1786047232881,1786047235686,2805,0,0,213,1786047237588
44ec20eb-9a46-4eaf-99fa-1e115a32cc03,cb8d61b1-e5e2-4fdd-9024-6ccd08ae4e6e,"Foreword by Alexander Vesely-Frankl","epubcfi(/6/10!/4/2/2,/4/2,/8/3:214)",1786047235686,1786047243093,7407,0,0,213,1786047244996
5ae1ba72-bf33-4439-9414-1bf65ad69c2e,cb8d61b1-e5e2-4fdd-9024-6ccd08ae4e6e,"Foreword by Alexander Vesely-Frankl","epubcfi(/6/10!/4/2/2,/4/2,/8/3:285)",1786047243093,1786047244941,1848,0,0,227,1786047246844
ad5c7de8-18ff-4c1d-9f7c-47e6dcd514c6,cb8d61b1-e5e2-4fdd-9024-6ccd08ae4e6e,"Foreword by Alexander Vesely-Frankl","epubcfi(/6/10!/4/2/2,/4/2,/8/3:214)",1786047244941,1786047248133,3192,0,0,213,1786047250036
50a67129-2904-49d1-9859-3c0aa5a36ed4,cb8d61b1-e5e2-4fdd-9024-6ccd08ae4e6e,"Foreword by Alexander Vesely-Frankl","epubcfi(/6/10!/4/2/2,/4/2,/8/3:285)",1786047248133,1786047251529,3396,0,0,227,1786047253432
ce706e38-83b1-4b4a-8182-b3e0c8f5c3cb,cb8d61b1-e5e2-4fdd-9024-6ccd08ae4e6e,"Foreword by Alexander Vesely-Frankl","epubcfi(/6/10!/4/2/2,/4/2,/8/3:214)",1786047251529,1786047260542,9013,0,0,213,1786047262444
e9c845db-5135-459b-94b6-23193c8b28a5,cb8d61b1-e5e2-4fdd-9024-6ccd08ae4e6e,"Foreword by Alexander Vesely-Frankl","epubcfi(/6/10!/4/2/2,/4/2,/8/3:214)",1786047260542,1786047262813,2271,0,0,213,1786047264715
b2f77a91-d28d-4438-b735-6cd6ed4c7474,cb8d61b1-e5e2-4fdd-9024-6ccd08ae4e6e,"Foreword by Alexander Vesely-Frankl","epubcfi(/6/10!/4/2/2,/4/2,/8/3:214)",1786047262813,1786047263530,717,0,0,213,1786047264715
61e8620e-8fe7-4648-a69a-d256a7ba720c,cb8d61b1-e5e2-4fdd-9024-6ccd08ae4e6e,"Foreword by Alexander Vesely-Frankl","epubcfi(/6/10!/4/2/2,/4/2,/8/3:214)",1786047263530,1786047264654,1124,0,0,213,1786047266557
a5200e94-136f-44eb-a047-2fd90ff52c7c,cb8d61b1-e5e2-4fdd-9024-6ccd08ae4e6e,"Foreword by Alexander Vesely-Frankl","epubcfi(/6/10!/4/2/2,/4/2,/8/3:214)",1786047264654,1786047265297,643,0,0,213,1786047266557
1d34304d-c43e-4cb5-a372-e7cd4e562cd1,cb8d61b1-e5e2-4fdd-9024-6ccd08ae4e6e,"Foreword by Alexander Vesely-Frankl","epubcfi(/6/10!/4/2/2,/4/2,/8/3:214)",1786047265297,1786047266775,1478,0,0,213,1786047268678
1b69c226-5f2b-4c05-84d6-89810ec19985,cb8d61b1-e5e2-4fdd-9024-6ccd08ae4e6e,"Foreword by Alexander Vesely-Frankl","epubcfi(/6/10!/4/2/2,/4/2,/8/3:214)",1786047266775,1786047272190,5415,0,0,213,1786047274093
ad8610b1-9e3d-4bbe-8cbb-c614fa316384,cb8d61b1-e5e2-4fdd-9024-6ccd08ae4e6e,"Foreword by Alexander Vesely-Frankl","epubcfi(/6/10!/4/2/2,/4/2,/8/3:214)",1786047272190,1786047276703,4513,0,0,213,1786047278604
fdecc015-4f89-4f6e-90f1-dcaaab9bcd35,cb8d61b1-e5e2-4fdd-9024-6ccd08ae4e6e,"Foreword by Alexander Vesely-Frankl","epubcfi(/6/10!/4/2/2,/4/2,/8/3:214)",1786047276703,1786047295922,19219,0,0,213,1786047297825
9f1fff05-cf4b-4b03-a3e4-f17b411ffce3,cb8d61b1-e5e2-4fdd-9024-6ccd08ae4e6e,"Foreword by Alexander Vesely-Frankl","epubcfi(/6/10!/4/2/2,/4/2,/8/3:214)",1786047295922,1786047300702,4780,0,0,213,1786047302605
281ce1a2-9489-4a92-abd3-8e119f42870e,cb8d61b1-e5e2-4fdd-9024-6ccd08ae4e6e,"Foreword by Alexander Vesely-Frankl","epubcfi(/6/10!/4/2/2,/4/2,/8/3:285)",1786047300702,1786047301185,483,0,0,227,1786047302605
a33b530a-fedb-4362-a27b-2f4295a492e2,cb8d61b1-e5e2-4fdd-9024-6ccd08ae4e6e,"Foreword by Alexander Vesely-Frankl","epubcfi(/6/10!/4/2/2,/4/2,/8/3:214)",1786047301185,1786047301814,629,0,0,213,1786047302605
98637391-eb42-4e49-a7f3-629f39805861,cb8d61b1-e5e2-4fdd-9024-6ccd08ae4e6e,"Foreword by Alexander Vesely-Frankl","epubcfi(/6/10!/4/2/2,/4/2,/8/3:214)",1786047301814,1786047306946,5132,0,0,213,1786047308848
207c056f-f916-4d2f-be67-b1dc21ed65c9,cb8d61b1-e5e2-4fdd-9024-6ccd08ae4e6e,"Foreword by Alexander Vesely-Frankl","epubcfi(/6/10!/4/2/2,/4/2,/8/3:214)",1786047306946,1786047313797,6851,0,0,213,1786047315698
435b8d83-5238-4df3-9065-957896fd1d82,cb8d61b1-e5e2-4fdd-9024-6ccd08ae4e6e,"Foreword by Alexander Vesely-Frankl","epubcfi(/6/10!/4/2/2,/4/2,/8/3:214)",1786047313797,1786047316416,2619,0,0,213,1786047318318
e3577cce-dd72-4a23-928a-da2d91155518,cb8d61b1-e5e2-4fdd-9024-6ccd08ae4e6e,"Foreword by Alexander Vesely-Frankl","epubcfi(/6/10!/4/2/2,/4/2,/8/3:214)",1786047316416,1786047327947,11531,0,0,213,1786047329848
557d0f94-0eec-4c4a-9802-88ac27188514,cb8d61b1-e5e2-4fdd-9024-6ccd08ae4e6e,"Foreword by Alexander Vesely-Frankl","epubcfi(/6/10!/4/2/2,/2,/14/1:140)",1786047327947,1786047334843,6896,0,0,535,1786047336745
a84f81df-b86f-466a-8d0e-f41d0c383717,cb8d61b1-e5e2-4fdd-9024-6ccd08ae4e6e,"Foreword by Alexander Vesely-Frankl","epubcfi(/6/10!/4/2/2,/2,/10/3:85)",1786047334843,1786047345040,10197,0,0,292,1786047346942
eed443b2-0eb7-4ad5-957b-3382226c20d5,cb8d61b1-e5e2-4fdd-9024-6ccd08ae4e6e,"Foreword by Alexander Vesely-Frankl","epubcfi(/6/10!/4/2/2,/2,/6/1:283)",1786047345040,1786047346649,1609,0,0,130,1786047348552
e167421e-8952-4784-a06e-d012e45ce446,cb8d61b1-e5e2-4fdd-9024-6ccd08ae4e6e,"Foreword by Alexander Vesely-Frankl","epubcfi(/6/10!/4/2/2,/4/2,/8/3:214)",1786047346649,1786047347363,714,0,0,213,1786047348552
30bc00fe-8e8a-4c83-8999-4dfd3a107136,cb8d61b1-e5e2-4fdd-9024-6ccd08ae4e6e,"Foreword by Alexander Vesely-Frankl","epubcfi(/6/10!/4/2/2,/2,/6/1:283)",1786047347363,1786047350534,3171,0,0,130,1786047350535
bc64cbb2-5f35-4a94-8648-84cc16568559,cb8d61b1-e5e2-4fdd-9024-6ccd08ae4e6e,"Foreword by Alexander Vesely-Frankl","epubcfi(/6/10!/4/2/2,/6/1:283,/10/3:381)",1786047362139,1786047363318,1179,0,0,208,1786047365220
5d6e12ac-722c-4fda-868f-02111c769571,cb8d61b1-e5e2-4fdd-9024-6ccd08ae4e6e,"Foreword by Alexander Vesely-Frankl","epubcfi(/6/10!/4/2/2,/10/3:381,/14/1:198)",1786047363318,1786047364402,1084,0,0,203,1786047365220
110e4197-dd4f-41ad-aecd-e63a922a1fa8,cb8d61b1-e5e2-4fdd-9024-6ccd08ae4e6e,"Foreword by Alexander Vesely-Frankl","epubcfi(/6/10!/4/2/2,/14/1:198,/18/3:94)",1786047364402,1786047365018,616,0,0,199,1786047366921
3bad1672-263c-4dfa-94af-f63632096869,cb8d61b1-e5e2-4fdd-9024-6ccd08ae4e6e,"Foreword by Alexander Vesely-Frankl","epubcfi(/6/10!/4/2/2,/18/3:94,/22/1:61)",1786047365018,1786047366152,1134,0,0,193,1786047366921
c981937a-12d8-4678-a466-10b3d5b192f5,cb8d61b1-e5e2-4fdd-9024-6ccd08ae4e6e,"Foreword by Alexander Vesely-Frankl","epubcfi(/6/10!/4/2/2,/22/1:61,/24/1:625)",1786047366152,1786047367119,967,0,0,204,1786047369022
7671e546-c82f-4a1a-b61e-1ffbd38a3dde,cb8d61b1-e5e2-4fdd-9024-6ccd08ae4e6e,"Foreword by Alexander Vesely-Frankl","epubcfi(/6/10!/4/2/2,/18/3:94,/22/1:61)",1786047367119,1786047370477,3358,0,0,193,1786047372379
f34a4c65-f970-4783-aa92-b02ad07f79be,cb8d61b1-e5e2-4fdd-9024-6ccd08ae4e6e,"Foreword by Alexander Vesely-Frankl","epubcfi(/6/10!/4/2/2,/22/1:61,/24/1:625)",1786047370477,1786047386206,15729,0,0,204,1786047388108
f309030b-4979-4a98-ab73-9e44bc04e033,cb8d61b1-e5e2-4fdd-9024-6ccd08ae4e6e,"Foreword by Alexander Vesely-Frankl","epubcfi(/6/10!/4/2/2,/24/1:625,/28/1:351)",1786047386206,1786047388185,1979,0,0,189,1786047388186
c37497fa-0508-4a5b-8d1e-4da317c9d7e0,cb8d61b1-e5e2-4fdd-9024-6ccd08ae4e6e,"Foreword by Alexander Vesely-Frankl","epubcfi(/6/10!/4/2/2,/24/1:625,/28/1:351)",1786048002954,1786048005263,2309,0,0,189,1786048007167
dd0be3ed-6644-44c0-be15-48a0e8168fe2,cb8d61b1-e5e2-4fdd-9024-6ccd08ae4e6e,"Foreword by Alexander Vesely-Frankl","epubcfi(/6/10!/4/2/2,/24/1:625,/28/1:351)",1786048005263,1786048007284,2021,0,0,189,1786048009187
689972bb-4c53-48ad-a189-ba9511811b9d,cb8d61b1-e5e2-4fdd-9024-6ccd08ae4e6e,"Foreword by Alexander Vesely-Frankl","epubcfi(/6/10!/4/2/2,/24/1:625,/28/1:351)",1786048007284,1786048009412,2128,0,0,189,1786048011314
ac466513-8c27-4655-a28e-f5280ef474ee,cb8d61b1-e5e2-4fdd-9024-6ccd08ae4e6e,"Foreword by Alexander Vesely-Frankl","epubcfi(/6/10!/4/2/2,/24/1:625,/28/1:351)",1786048009412,1786048011987,2575,0,0,189,1786048013889
a45b2cc3-2b4b-42ed-aa90-88c3411ca704,cb8d61b1-e5e2-4fdd-9024-6ccd08ae4e6e,"Foreword by Alexander Vesely-Frankl","epubcfi(/6/10!/4/2/2,/24/1:625,/28/1:351)",1786048011987,1786048014626,2639,0,0,189,1786048016529
91113bee-d6de-4d37-9456-c6217d23765b,cb8d61b1-e5e2-4fdd-9024-6ccd08ae4e6e,"Foreword by Alexander Vesely-Frankl","epubcfi(/6/10!/4/2/2,/28/1:351,/32/3:145)",1786048014626,1786048015758,1132,0,0,186,1786048016529
19774e06-4ef2-47b0-9b85-961e10053a10,cb8d61b1-e5e2-4fdd-9024-6ccd08ae4e6e,"Foreword by Alexander Vesely-Frankl","epubcfi(/6/10!/4/2/2,/24/1:625,/28/1:351)",1786048015758,1786048017875,2117,0,0,189,1786048017876
a48ca8e4-75aa-400b-b3ea-97661f30bac9,cb8d61b1-e5e2-4fdd-9024-6ccd08ae4e6e,"Foreword by Alexander Vesely-Frankl","epubcfi(/6/10!/4/2/2,/28/1:351,/32/3:145)",1786048063026,1786048064750,1724,0,0,186,1786048066654
62431db4-d056-4e93-9532-ae3e7d3441f2,cb8d61b1-e5e2-4fdd-9024-6ccd08ae4e6e,"Foreword by Alexander Vesely-Frankl","epubcfi(/6/10!/4/2/2,/32/3:145,/34/5:20)",1786048064750,1786048068537,3787,0,0,94,1786048070440
f2750d79-4dd2-47c7-a0bf-b8711bf19de6,cb8d61b1-e5e2-4fdd-9024-6ccd08ae4e6e,"Foreword by Alexander Vesely-Frankl","epubcfi(/6/10!/4/2/2,/32/3:145,/34/5:20)",1786048068537,1786048069457,920,0,0,94,1786048070440
487eac55-2394-4ad5-b875-df6a230552f8,cb8d61b1-e5e2-4fdd-9024-6ccd08ae4e6e,"Foreword by Alexander Vesely-Frankl","epubcfi(/6/10!/4/2/2,/32/3:145,/34/5:20)",1786048069457,1786048076114,6657,0,0,94,1786048078016
a17b53d1-1534-4077-8517-4e16510a2546,cb8d61b1-e5e2-4fdd-9024-6ccd08ae4e6e,"Foreword by Alexander Vesely-Frankl","epubcfi(/6/30!/4/2/2,/12/1:486,/14/1:71)",1786048076114,1786048079849,3735,0,0,222,1786048081752
47125c7d-aaf0-4b7a-859f-e77bc51b6b92,cb8d61b1-e5e2-4fdd-9024-6ccd08ae4e6e,"Man Alive—Viktor Frankl","epubcfi(/6/22!/4/2/2/6,/46/3:24,/58/3:343)",1786048079849,1786048081517,1668,0,0,211,1786048083420
623f4ee7-f367-4926-84c5-c44bf2907b49,cb8d61b1-e5e2-4fdd-9024-6ccd08ae4e6e,"Man Alive—Viktor Frankl","epubcfi(/6/22!/4/2/2/6,/46/3:24,/58/3:343)",1786048081517,1786048084223,2706,0,0,211,1786048086125
f80747b2-02f9-4054-9686-05e0cc80ea9b,cb8d61b1-e5e2-4fdd-9024-6ccd08ae4e6e,"Man Alive—Viktor Frankl","epubcfi(/6/10!/4/2/2,/22/1:61,/24/1:625)",1786048084223,1786048089036,4813,0,0,204,1786048090939
fa197d64-bf31-45c7-a045-19db0b01a0cd,cb8d61b1-e5e2-4fdd-9024-6ccd08ae4e6e,"Foreword by Alexander Vesely-Frankl","epubcfi(/6/10!/4/2/2,/22/1:61,/24/1:625)",1786048089036,1786048090594,1558,0,0,204,1786048092496
a36e1bd3-7951-49d2-bd08-bda7a0562a8a,cb8d61b1-e5e2-4fdd-9024-6ccd08ae4e6e,"Foreword by Alexander Vesely-Frankl","epubcfi(/6/10!/4/2/2,/22/1:61,/24/1:625)",1786048090594,1786048091590,996,0,0,204,1786048092496
ccd2a1cc-198b-4de4-9d10-7b1321a1bd09,cb8d61b1-e5e2-4fdd-9024-6ccd08ae4e6e,"Foreword by Alexander Vesely-Frankl","epubcfi(/6/10!/4/2/2,/22/1:61,/24/1:625)",1786048091590,1786048092729,1139,0,0,204,1786048092730
a93b7e73-ad73-4387-9673-55768e622ecd,cb8d61b1-e5e2-4fdd-9024-6ccd08ae4e6e,"Foreword by Alexander Vesely-Frankl","epubcfi(/6/10!/4/2/2,/22/1:61,/24/1:625)",1786048119723,1786048124113,4390,0,0,204,1786048124114
572098b9-bd26-4e0c-a6b8-8c77a999abf2,cb8d61b1-e5e2-4fdd-9024-6ccd08ae4e6e,"Foreword by Alexander Vesely-Frankl","epubcfi(/6/10!/4/2/2,/22/1:61,/24/1:625)",1786048229852,1786048235825,5973,0,0,204,1786048235826
faeada6a-ac6e-4055-b2e0-808f6e5ec7bb,cb8d61b1-e5e2-4fdd-9024-6ccd08ae4e6e,"Foreword by Alexander Vesely-Frankl","epubcfi(/6/10!/4/2/2,/22/1:61,/24/1:625)",1786048245535,1786048245814,279,0,0,204,1786048245815
993e90f4-5975-4bb6-b6db-273ef132cb8e,cb8d61b1-e5e2-4fdd-9024-6ccd08ae4e6e,"Foreword by Alexander Vesely-Frankl","epubcfi(/6/10!/4/2/2,/22/1:61,/24/1:625)",1786048266799,1786048270181,3382,0,0,204,1786048270182
18916377-d586-45b5-8fa7-2dc79956fd24,cb8d61b1-e5e2-4fdd-9024-6ccd08ae4e6e,"Foreword by Alexander Vesely-Frankl","epubcfi(/6/10!/4/2/2,/22/1:61,/24/1:625)",1786048413516,1786048417303,3787,0,0,204,1786048419205
732342b4-5553-45d2-a7aa-c020de27d636,cb8d61b1-e5e2-4fdd-9024-6ccd08ae4e6e,"Foreword by Alexander Vesely-Frankl","epubcfi(/6/10!/4/2/2,/22/1:61,/24/1:625)",1786052280912,1786052283983,3071,0,0,204,1786052285887
b1cc2516-bc7d-4619-83ee-4e81523f77a1,cb8d61b1-e5e2-4fdd-9024-6ccd08ae4e6e,"Foreword by Alexander Vesely-Frankl","epubcfi(/6/10!/4/2/2,/24/1:625,/28/1:351)",1786052283983,1786052286902,2919,0,0,189,1786052286903
e900f803-a593-4c79-8fe7-c1aeafd5388e,cb8d61b1-e5e2-4fdd-9024-6ccd08ae4e6e,"Foreword by Alexander Vesely-Frankl","epubcfi(/6/10!/4/2/2,/24/1:625,/28/1:351)",1786052293890,1786052339248,45358,0,0,191,1786052339369
545b7c53-9198-4e6c-9b2d-609ea0b39437,cb8d61b1-e5e2-4fdd-9024-6ccd08ae4e6e,"Foreword by Alexander Vesely-Frankl","epubcfi(/6/10!/4/2/2,/28/1:351,/32/3:145)",1786052339248,1786052339368,120,0,0,186,1786052339369
115557ae-766d-4576-a20f-9a12a83ef589,cb8d61b1-e5e2-4fdd-9024-6ccd08ae4e6e,"Foreword by Alexander Vesely-Frankl","epubcfi(/6/10!/4/2/2,/24/1:625,/28/1:351)",1786052343988,1786052346114,2126,0,0,191,1786052346115
758fe0db-395d-4d6d-b589-3aaaaca179b0,cb8d61b1-e5e2-4fdd-9024-6ccd08ae4e6e,"Foreword by Alexander Vesely-Frankl","epubcfi(/6/10!/4/2/2,/28/1:351,/32/3:145)",1786052406426,1786052408044,1618,0,0,186,1786052408045
cb0b4c3e-8db6-4973-8806-0191e5de2988,cb8d61b1-e5e2-4fdd-9024-6ccd08ae4e6e,"Foreword by Alexander Vesely-Frankl","epubcfi(/6/10!/4/2/2,/24/1:625,/28/1:351)",1786052451234,1786052452680,1446,0,0,191,1786052454582
00418ce7-ccea-4caf-91b6-94ecc9024164,cb8d61b1-e5e2-4fdd-9024-6ccd08ae4e6e,"Foreword by Alexander Vesely-Frankl","epubcfi(/6/10!/4/2/2,/28/1:351,/32/3:145)",1786052452680,1786052453297,617,0,0,186,1786052454582
0025972e-d2cb-47b1-83e8-fd29a5d2767b,cb8d61b1-e5e2-4fdd-9024-6ccd08ae4e6e,"Foreword by Alexander Vesely-Frankl","epubcfi(/6/10!/4,/2/2/32/3:145,/4/8/4/2)",1786052453297,1786052457489,4192,0,0,100,1786052457490
1afd4a32-edc4-459d-88a1-d2acc086b841,cb8d61b1-e5e2-4fdd-9024-6ccd08ae4e6e,"Foreword by Alexander Vesely-Frankl","epubcfi(/6/10!/4,/2/2/32/3:145,/4/8/4/2)",1786052781677,1786052782991,1314,0,0,100,1786052784894
316527a0-29fa-4437-bc9c-a478382af9e4,cb8d61b1-e5e2-4fdd-9024-6ccd08ae4e6e,"Foreword by Alexander Vesely-Frankl","epubcfi(/6/10!/4/2/2,/28/1:351,/32/3:145)",1786052782991,1786052783741,750,0,0,186,1786052784894
c335c368-1910-4df2-9631-370f6f8d165a,cb8d61b1-e5e2-4fdd-9024-6ccd08ae4e6e,"Foreword by Alexander Vesely-Frankl","epubcfi(/6/10!/4/2/2,/24/1:625,/28/1:351)",1786052783741,1786052785125,1384,0,0,191,1786052787027
499f8012-01fe-4619-a6be-d062a6918ee9,cb8d61b1-e5e2-4fdd-9024-6ccd08ae4e6e,"Foreword by Alexander Vesely-Frankl","epubcfi(/6/10!/4/2/2,/22/1:61,/24/1:625)",1786052785125,1786052786225,1100,0,0,204,1786052787027
ee09acb9-16ae-4715-8773-79eece72b451,cb8d61b1-e5e2-4fdd-9024-6ccd08ae4e6e,"Foreword by Alexander Vesely-Frankl","epubcfi(/6/10!/4/2/2,/18/3:94,/22/1:61)",1786052786225,1786052787242,1017,0,0,193,1786052789145
f6febb88-5750-4d9a-8bc1-a181a5d92e12,cb8d61b1-e5e2-4fdd-9024-6ccd08ae4e6e,"Foreword by Alexander Vesely-Frankl","epubcfi(/6/10!/4/2/2,/14/1:198,/18/3:94)",1786052787242,1786052788291,1049,0,0,199,1786052789145
f59ff7c2-de6e-4515-8046-66b19b0579f7,cb8d61b1-e5e2-4fdd-9024-6ccd08ae4e6e,"Foreword by Alexander Vesely-Frankl","epubcfi(/6/10!/4/2/2,/18/3:94,/22/1:61)",1786052788291,1786052788708,417,0,0,193,1786052789145
bf595193-d4ab-4fe6-bb22-025428c09a3c,cb8d61b1-e5e2-4fdd-9024-6ccd08ae4e6e,"Foreword by Alexander Vesely-Frankl","epubcfi(/6/10!/4/2/2,/22/1:61,/24/1:625)",1786052788708,1786052789858,1150,0,0,204,1786052791760
f25db026-e5be-4967-be13-227ab9af84a9,cb8d61b1-e5e2-4fdd-9024-6ccd08ae4e6e,"Foreword by Alexander Vesely-Frankl","epubcfi(/6/10!/4/2/2,/24/1:625,/28/1:351)",1786052789858,1786052791946,2088,0,0,191,1786052791947
f1f302d5-e29d-4963-abf0-0e6874a263c8,cb8d61b1-e5e2-4fdd-9024-6ccd08ae4e6e,"Foreword by Alexander Vesely-Frankl","epubcfi(/6/10!/4/2/2,/24/1:625,/28/1:351)",1786052815435,1786052818895,3460,0,0,191,1786052820392
586f285b-4dcd-45bf-8811-53bc6bf3ed89,cb8d61b1-e5e2-4fdd-9024-6ccd08ae4e6e,"Foreword by Alexander Vesely-Frankl","epubcfi(/6/10!/4/2/2,/24/1:625,/28/1:351)",1786052818895,1786052820391,1496,0,0,191,1786052820392
50917203-2685-4669-a84a-0e1c7b2afd8f,cb8d61b1-e5e2-4fdd-9024-6ccd08ae4e6e,"Foreword by Alexander Vesely-Frankl","epubcfi(/6/10!/4/2/2,/28/1:351,/32/3:145)",1786052977557,1786052980634,3077,0,0,186,1786052982537
615df004-14aa-47c5-ba06-580d282c4397,cb8d61b1-e5e2-4fdd-9024-6ccd08ae4e6e,"Foreword by Alexander Vesely-Frankl","epubcfi(/6/10!/4,/2/2/32/3:145,/4/8/4/2)",1786052980634,1786052984799,4165,0,0,100,1786052986703
9212c65e-53a9-41cc-b9a1-ebe5e3831cb7,cb8d61b1-e5e2-4fdd-9024-6ccd08ae4e6e,"Foreword by Alexander Vesely-Frankl","epubcfi(/6/12!/4/2/2,/2,/6/1:213)",1786052984799,1786052988609,3810,0,0,143,1786052990512
9c7eb40f-1ffa-4192-9af7-c76076ec0cfd,cb8d61b1-e5e2-4fdd-9024-6ccd08ae4e6e,"Introduction by Dr. Tobias Esch","epubcfi(/6/12!/4/2/2,/6/1:213,/10/1:214)",1786052988609,1786052991271,2662,0,0,207,1786052991272
d30f15ac-3ebb-43c4-9956-95c530718d53,cb8d61b1-e5e2-4fdd-9024-6ccd08ae4e6e,"Introduction by Dr. Tobias Esch","epubcfi(/6/12!/4/2/2,/10/1:214,/12/15:480)",1786053075113,1786053075810,697,0,0,208,1786053077712
8066faea-563f-4ccc-95e4-e800af469ef2,cb8d61b1-e5e2-4fdd-9024-6ccd08ae4e6e,"Introduction by Dr. Tobias Esch","epubcfi(/6/12!/4/2/2,/12/15:480,/18/3:96)",1786053075810,1786053077866,2056,0,0,197,1786053079768
7dca8049-5f1a-4f54-8a99-83d4b00f98af,cb8d61b1-e5e2-4fdd-9024-6ccd08ae4e6e,"Introduction by Dr. Tobias Esch","epubcfi(/6/12!/4/2/2,/6/1:213,/10/1:214)",1786053077866,1786053082154,4288,0,0,207,1786053082155
9ad13321-e50a-4ae0-aaa7-740c35e87b19,cb8d61b1-e5e2-4fdd-9024-6ccd08ae4e6e,"Introduction by Dr. Tobias Esch","epubcfi(/6/12!/4/2/2,/10/1:214,/12/15:480)",1786053137358,1786053139601,2243,0,0,208,1786053139602
d7332125-214f-41f7-9a16-e8a640b22382,cb8d61b1-e5e2-4fdd-9024-6ccd08ae4e6e,"Introduction by Dr. Tobias Esch","epubcfi(/6/12!/4/2/2,/6/1:213,/10/1:214)",1786053178711,1786053180544,1833,0,0,207,1786053182447
afcdfed6-4220-4f15-ab29-96fbfdd93c2e,cb8d61b1-e5e2-4fdd-9024-6ccd08ae4e6e,"Introduction by Dr. Tobias Esch","epubcfi(/6/12!/4/2/2,/2,/6/1:213)",1786053180544,1786053180969,425,0,0,143,1786053182447
7e52922c-0efe-4995-9bf4-d89bf3e4347b,cb8d61b1-e5e2-4fdd-9024-6ccd08ae4e6e,"Introduction by Dr. Tobias Esch","epubcfi(/6/10!/4,/2/2/32/3:145,/4/8/4/2)",1786053180969,1786053181597,628,0,0,100,1786053182447
825d5ba1-522f-42be-a253-53e4a45dfcc6,cb8d61b1-e5e2-4fdd-9024-6ccd08ae4e6e,"Foreword by Alexander Vesely-Frankl","epubcfi(/6/12!/4/2/2,/2,/6/1:213)",1786053181597,1786053182492,895,0,0,143,1786053184394
7c8e18fd-e739-48ab-bc1e-bfbbbc00650e,cb8d61b1-e5e2-4fdd-9024-6ccd08ae4e6e,"Introduction by Dr. Tobias Esch","epubcfi(/6/10!/4,/2/2/32/3:145,/4/8/4/2)",1786053182492,1786053182912,420,0,0,100,1786053184394
0ba37e2f-31d8-429b-a240-0b2781c144c6,cb8d61b1-e5e2-4fdd-9024-6ccd08ae4e6e,"Foreword by Alexander Vesely-Frankl","epubcfi(/6/10!/4/2/2,/28/1:351,/32/3:145)",1786053182912,1786053183362,450,0,0,186,1786053184394
1df2547d-e7e3-4ebf-bae2-715af7ea23c7,cb8d61b1-e5e2-4fdd-9024-6ccd08ae4e6e,"Foreword by Alexander Vesely-Frankl","epubcfi(/6/10!/4/2/2,/24/1:625,/28/1:351)",1786053183362,1786053183794,432,0,0,191,1786053184394
55d5ffb8-c77c-43e6-98d2-5a3b0074950e,cb8d61b1-e5e2-4fdd-9024-6ccd08ae4e6e,"Foreword by Alexander Vesely-Frankl","epubcfi(/6/10!/4/2/2,/28/1:351,/32/3:145)",1786053183794,1786053193654,9860,7,0,186,1786053193655
a720442f-6209-4066-afe3-447a6bfe1419,cb8d61b1-e5e2-4fdd-9024-6ccd08ae4e6e,"Foreword by Alexander Vesely-Frankl","epubcfi(/6/10!/4,/2/2/32/3:145,/4/8/4/2)",1786053245777,1786053247166,1389,0,0,100,1786053249069
0a78c331-6964-44ad-8e44-f0ff4d780493,cb8d61b1-e5e2-4fdd-9024-6ccd08ae4e6e,"Foreword by Alexander Vesely-Frankl","epubcfi(/6/12!/4/2/2,/2,/6/1:213)",1786053247166,1786053254806,7640,0,0,143,1786053256710
a8e8ccde-4b6b-458e-aab2-69426bb14328,cb8d61b1-e5e2-4fdd-9024-6ccd08ae4e6e,"Introduction by Dr. Tobias Esch","epubcfi(/6/12!/4/2/2,/2,/6/1:213)",1786053254806,1786053256028,1222,0,0,143,1786053256710
f940921d-e4a0-4581-aeec-313a2336897b,cb8d61b1-e5e2-4fdd-9024-6ccd08ae4e6e,"Introduction by Dr. Tobias Esch","epubcfi(/6/12!/4/2/2,/2,/6/1:213)",1786053256028,1786053267144,11116,0,0,143,1786053269045
274abf04-1410-4084-9bf7-bf277d9872ae,cb8d61b1-e5e2-4fdd-9024-6ccd08ae4e6e,"Introduction by Dr. Tobias Esch","epubcfi(/6/12!/4/2/2,/2,/6/1:213)",1786053267144,1786053268994,1850,0,0,143,1786053270897
02ba1e32-24fc-4fb1-a42a-43449511d654,cb8d61b1-e5e2-4fdd-9024-6ccd08ae4e6e,"Introduction by Dr. Tobias Esch","epubcfi(/6/12!/4/2/2,/2,/6/1:213)",1786053268994,1786053269534,540,0,0,143,1786053270897
8e474b26-3bb8-495b-8700-d0c6bce7dc94,cb8d61b1-e5e2-4fdd-9024-6ccd08ae4e6e,"Introduction by Dr. Tobias Esch","epubcfi(/6/12!/4/2/2,/2,/6/1:213)",1786053269534,1786053275643,6109,0,0,143,1786053277545
7eedec94-9af8-40b0-b10c-354d9cd01e9e,cb8d61b1-e5e2-4fdd-9024-6ccd08ae4e6e,"Introduction by Dr. Tobias Esch","epubcfi(/6/12!/4/2/2,/2,/6/1:213)",1786053275643,1786053276127,484,0,0,143,1786053277545
7e810d00-588d-4c4c-be72-3d540fdbceec,cb8d61b1-e5e2-4fdd-9024-6ccd08ae4e6e,"Introduction by Dr. Tobias Esch","epubcfi(/6/12!/4/2/2,/2,/6/1:213)",1786053276127,1786053277424,1297,0,0,143,1786053279325
5c1512f1-62ec-42a9-86df-a6fb8225f0d9,cb8d61b1-e5e2-4fdd-9024-6ccd08ae4e6e,"Introduction by Dr. Tobias Esch","epubcfi(/6/12!/4/2/2,/2,/6/1:213)",1786053277424,1786053281851,4427,0,0,143,1786053283755
03215b6c-2ef4-4d3a-8e72-6222c5e1aa78,cb8d61b1-e5e2-4fdd-9024-6ccd08ae4e6e,"Introduction by Dr. Tobias Esch","epubcfi(/6/12!/4/2/2,/2,/6/1:213)",1786053281851,1786053282751,900,0,0,143,1786053283755
b20f8879-f94e-469f-9ae5-846f856c90ee,cb8d61b1-e5e2-4fdd-9024-6ccd08ae4e6e,"Introduction by Dr. Tobias Esch","epubcfi(/6/12!/4/2/2,/2,/6/1:213)",1786053282751,1786053285789,3038,0,0,143,1786053287692
1ecc67c6-d21d-4e98-86b6-d6ebbaafd2c8,cb8d61b1-e5e2-4fdd-9024-6ccd08ae4e6e,"Introduction by Dr. Tobias Esch","epubcfi(/6/12!/4/2/2,/2,/6/1:213)",1786053285789,1786053286397,608,0,0,143,1786053287692
2ad24a89-8de7-4a16-a54b-7b2ad94e8d96,cb8d61b1-e5e2-4fdd-9024-6ccd08ae4e6e,"Introduction by Dr. Tobias Esch","epubcfi(/6/12!/4/2/2,/2,/6/1:213)",1786053286397,1786053288672,2275,0,0,143,1786053289390
a414aa5b-9b93-4686-a860-7167ffb84493,cb8d61b1-e5e2-4fdd-9024-6ccd08ae4e6e,"Introduction by Dr. Tobias Esch","epubcfi(/6/12!/4/2/2,/2,/6/1:213)",1786053288672,1786053289389,717,0,0,143,1786053289390
5b0efb76-5230-4ad4-925b-9c8a9374e30f,cb8d61b1-e5e2-4fdd-9024-6ccd08ae4e6e,"Introduction by Dr. Tobias Esch","epubcfi(/6/12!/4/2/2,/2,/6/1:213)",1786053299129,1786053299574,445,0,0,143,1786053299577
0ba7fb95-b4af-42d5-9876-b3427fef3ac9,cb8d61b1-e5e2-4fdd-9024-6ccd08ae4e6e,"Introduction by Dr. Tobias Esch","epubcfi(/6/12!/4/2/2,/2,/6/1:213)",1786053309676,1786053312541,2865,0,0,143,1786053314444
6b5a75f4-d1ca-4519-8dc3-768618c7400b,cb8d61b1-e5e2-4fdd-9024-6ccd08ae4e6e,"Introduction by Dr. Tobias Esch","epubcfi(/6/12!/4/2/2,/2,/6/1:213)",1786053312541,1786053313187,646,0,0,143,1786053314444
5c18db4e-477d-408a-bb3c-3e0de820a91d,cb8d61b1-e5e2-4fdd-9024-6ccd08ae4e6e,"Introduction by Dr. Tobias Esch","epubcfi(/6/12!/4/2/2,/2,/6/1:213)",1786053313187,1786053314194,1007,0,0,143,1786053316097
f2d64b2e-9a45-4148-941b-a49e74c0632c,cb8d61b1-e5e2-4fdd-9024-6ccd08ae4e6e,"Introduction by Dr. Tobias Esch","epubcfi(/6/12!/4/2/2,/2,/6/1:213)",1786053314194,1786053314734,540,0,0,143,1786053316097
9e04bc70-f089-4c6b-afc0-01a5670a744c,cb8d61b1-e5e2-4fdd-9024-6ccd08ae4e6e,"Introduction by Dr. Tobias Esch","epubcfi(/6/12!/4/2/2,/2,/6/1:213)",1786053314734,1786053319328,4594,0,0,143,1786053321230
d3501506-f604-451a-a101-7ca57586c3c7,cb8d61b1-e5e2-4fdd-9024-6ccd08ae4e6e,"Introduction by Dr. Tobias Esch","epubcfi(/6/12!/4/2/2,/2,/6/1:213)",1786053319328,1786053330317,10989,0,0,143,1786053330318
75bc1ccf-b183-4c81-a63f-8cc598d68b38,cb8d61b1-e5e2-4fdd-9024-6ccd08ae4e6e,"Introduction by Dr. Tobias Esch","epubcfi(/6/12!/4/2/2,/2,/6/1:213)",1786053341012,1786053342276,1264,0,0,143,1786053342277
5fc59fcd-7acf-4af4-b9c1-1c8721c0b284,cb8d61b1-e5e2-4fdd-9024-6ccd08ae4e6e,"Introduction by Dr. Tobias Esch","epubcfi(/6/12!/4/2/2,/2,/6/1:213)",1786053347385,1786053348296,911,0,0,143,1786053350177
1b53967c-5427-437d-8488-6426cdaf910a,cb8d61b1-e5e2-4fdd-9024-6ccd08ae4e6e,"Introduction by Dr. Tobias Esch","epubcfi(/6/12!/4/2/2,/2,/6/1:213)",1786053348296,1786053348819,523,0,0,143,1786053350177
3cca7564-3cfe-43be-b3d1-c1cec478e2b6,cb8d61b1-e5e2-4fdd-9024-6ccd08ae4e6e,"Introduction by Dr. Tobias Esch","epubcfi(/6/12!/4/2/2,/2,/6/1:213)",1786053348819,1786053350176,1357,0,0,143,1786053350177
858e2bd6-e6f4-4585-8fcd-9c7174fb8baa,cb8d61b1-e5e2-4fdd-9024-6ccd08ae4e6e,"Introduction by Dr. Tobias Esch","epubcfi(/6/12!/4/2/2,/2,/6/1:213)",1786054642508,1786054647711,5203,0,0,143,1786054649614
0b422002-3d17-4ca1-8c5b-b54267272897,cb8d61b1-e5e2-4fdd-9024-6ccd08ae4e6e,"Introduction by Dr. Tobias Esch","epubcfi(/6/12!/4/2/2,/2,/6/1:213)",1786054647711,1786054648775,1064,0,0,143,1786054649614
6740e0ef-956d-4bc4-9f29-805b460f13fe,cb8d61b1-e5e2-4fdd-9024-6ccd08ae4e6e,"Introduction by Dr. Tobias Esch","epubcfi(/6/12!/4/2/2,/2,/6/1:213)",1786054648775,1786054649432,657,0,0,143,1786054651335
16433dd7-638b-47c0-9aa4-74eb8dd29e3a,cb8d61b1-e5e2-4fdd-9024-6ccd08ae4e6e,"Introduction by Dr. Tobias Esch","epubcfi(/6/12!/4/2/2,/2,/6/1:213)",1786054649432,1786054659976,10544,0,0,143,1786054661879
f8c0b2c1-ff7b-4954-9be3-dc2de5097712,cb8d61b1-e5e2-4fdd-9024-6ccd08ae4e6e,"Introduction by Dr. Tobias Esch","epubcfi(/6/12!/4/2/2,/2,/6/1:213)",1786054659976,1786054669838,9862,0,0,143,1786054670892
078677d6-04e6-4ad8-b65c-36fec59a5ce8,cb8d61b1-e5e2-4fdd-9024-6ccd08ae4e6e,"Introduction by Dr. Tobias Esch","epubcfi(/6/12!/4/2/2,/2,/6/1:213)",1786054669838,1786054670891,1053,0,0,143,1786054670892
36cf384c-5e43-49c4-9523-2e25c3d4f857,cb8d61b1-e5e2-4fdd-9024-6ccd08ae4e6e,"Introduction by Dr. Tobias Esch","epubcfi(/6/12!/4/2/2,/2,/6/1:213)",1786054674168,1786054680605,6437,0,0,143,1786054682508
bf34eabc-b841-4120-a262-86dfa1cfb3aa,cb8d61b1-e5e2-4fdd-9024-6ccd08ae4e6e,"Introduction by Dr. Tobias Esch","epubcfi(/6/12!/4/2/2,/2,/6/1:213)",1786054680605,1786054681600,995,0,0,143,1786054682508
3aced75e-c2d7-425e-87a9-5f3ab324e84b,cb8d61b1-e5e2-4fdd-9024-6ccd08ae4e6e,"Introduction by Dr. Tobias Esch","epubcfi(/6/12!/4/2/2,/2,/6/1:213)",1786054681600,1786054682615,1015,0,0,143,1786054684518
823bcc40-1ee1-4b73-91c3-1b1814a991ad,cb8d61b1-e5e2-4fdd-9024-6ccd08ae4e6e,"Introduction by Dr. Tobias Esch","epubcfi(/6/12!/4/2/2,/2,/6/1:213)",1786054682615,1786054685066,2451,0,0,143,1786054686968
897ee795-bc8d-4c31-ae12-bef0bf0439da,cb8d61b1-e5e2-4fdd-9024-6ccd08ae4e6e,"Introduction by Dr. Tobias Esch","epubcfi(/6/12!/4/2/2,/2,/6/1:213)",1786054685066,1786054687630,2564,0,0,143,1786054689534
9509623e-c4d9-45e1-b137-2c407cfb2927,cb8d61b1-e5e2-4fdd-9024-6ccd08ae4e6e,"Introduction by Dr. Tobias Esch","epubcfi(/6/12!/4/2/2,/2,/6/1:213)",1786054687630,1786054688156,526,0,0,143,1786054689534
e7ba4261-7475-4be1-a015-582d68977a8f,cb8d61b1-e5e2-4fdd-9024-6ccd08ae4e6e,"Introduction by Dr. Tobias Esch","epubcfi(/6/12!/4/2/2,/2,/6/1:213)",1786054688156,1786054690494,2338,0,0,143,1786054692397
0c382694-fc90-4b24-8220-74418b565990,cb8d61b1-e5e2-4fdd-9024-6ccd08ae4e6e,"Introduction by Dr. Tobias Esch","epubcfi(/6/12!/4/2/2,/2,/6/1:144)",1786054690494,1786054691477,983,0,0,133,1786054692397
6e14560e-3584-4629-a16f-58c70874b358,cb8d61b1-e5e2-4fdd-9024-6ccd08ae4e6e,"Introduction by Dr. Tobias Esch","epubcfi(/6/12!/4/2/2,/2,/6/1:213)",1786054691477,1786054693519,2042,0,0,143,1786054695420
d4431b93-2f54-4016-9a52-d511a38d882a,cb8d61b1-e5e2-4fdd-9024-6ccd08ae4e6e,"Introduction by Dr. Tobias Esch","epubcfi(/6/12!/4/2/2,/2,/6/1:144)",1786054693519,1786054733239,39720,0,0,133,1786054734817
45e81a9c-7815-4e28-b6fb-ceeb48a57cd5,cb8d61b1-e5e2-4fdd-9024-6ccd08ae4e6e,"Introduction by Dr. Tobias Esch","epubcfi(/6/12!/4/2/2,/2,/6/1:213)",1786054733239,1786054734817,1578,0,0,143,1786054734817
500a4f87-3865-4260-ab4f-14a0a54c34f4,cb8d61b1-e5e2-4fdd-9024-6ccd08ae4e6e,"Introduction by Dr. Tobias Esch","epubcfi(/6/12!/4/2/2,/6/1:213,/10/1:214)",1786055119858,1786055121617,1759,0,0,207,1786055123518
fc056b22-1af0-4f49-a5c1-3c4f88640d3e,cb8d61b1-e5e2-4fdd-9024-6ccd08ae4e6e,"Introduction by Dr. Tobias Esch","epubcfi(/6/12!/4/2/2,/10/1:214,/12/15:480)",1786055121617,1786055132320,10703,0,0,208,1786055134223
bc0e4750-a8b9-4c3b-a8bb-72e6b9c0420d,cb8d61b1-e5e2-4fdd-9024-6ccd08ae4e6e,"Introduction by Dr. Tobias Esch","epubcfi(/6/12!/4/2/2,/10/1:214,/12/15:480)",1786055132320,1786055133630,1310,0,0,208,1786055134223
9f66064f-0f76-4a4b-a947-a854b1245e69,cb8d61b1-e5e2-4fdd-9024-6ccd08ae4e6e,"Introduction by Dr. Tobias Esch","epubcfi(/6/12!/4/2/2,/10/1:214,/12/15:480)",1786055133630,1786055138956,5326,0,0,208,1786055138957
115e14b0-6c69-475a-bd06-afcc3f7f9436,cb8d61b1-e5e2-4fdd-9024-6ccd08ae4e6e,"Introduction by Dr. Tobias Esch","epubcfi(/6/12!/4/2/2,/10/1:214,/12/15:480)",1786058815474,1786058817673,2199,0,0,208,1786058819576
6ad412ba-bf0b-4bea-b6cb-1941bd70fa97,cb8d61b1-e5e2-4fdd-9024-6ccd08ae4e6e,"Introduction by Dr. Tobias Esch","epubcfi(/6/12!/4/2/2,/12/15:480,/18/3:96)",1786058817673,1786058820397,2724,0,0,197,1786058822300
ea79cb18-f68e-4fc9-a9a7-c8418d2998a4,cb8d61b1-e5e2-4fdd-9024-6ccd08ae4e6e,"Introduction by Dr. Tobias Esch","epubcfi(/6/12!/4/2/2,/12/15:277,/16/1:546)",1786058820397,1786058824545,4148,0,0,185,1786058826448
e70ea89b-4b99-4965-9395-8a901a476a0a,cb8d61b1-e5e2-4fdd-9024-6ccd08ae4e6e,"Introduction by Dr. Tobias Esch","epubcfi(/6/12!/4/2/2,/18,/22/1:119)",1786058824545,1786058825296,751,0,0,177,1786058826448
2d787bbf-2670-4895-8815-e7adf6caff6b,cb8d61b1-e5e2-4fdd-9024-6ccd08ae4e6e,"Introduction by Dr. Tobias Esch","epubcfi(/6/12!/4/2/2,/24,/30/3:496)",1786058825296,1786058826313,1017,0,0,173,1786058828216
729dbbca-708f-4d71-be97-d343d9ca7ba1,cb8d61b1-e5e2-4fdd-9024-6ccd08ae4e6e,"Introduction by Dr. Tobias Esch","epubcfi(/6/12!/4/2/2,/18/3:96,/26/1:199)",1786058826313,1786058827177,864,0,0,170,1786058828216
c49ed9aa-8239-4d90-9770-813cf4a4da5a,cb8d61b1-e5e2-4fdd-9024-6ccd08ae4e6e,"Introduction by Dr. Tobias Esch","epubcfi(/6/12!/4/2/2,/26/1:199,/32/1:349)",1786058827177,1786058829284,2107,0,0,206,1786058831188
1f3b80a9-b341-4106-ace8-e23f7e077b37,cb8d61b1-e5e2-4fdd-9024-6ccd08ae4e6e,"Introduction by Dr. Tobias Esch","epubcfi(/6/12!/4/2/2,/24,/30/3:496)",1786058829284,1786058839971,10687,0,0,173,1786058841873
3d17cf0d-9879-4cb7-be99-d11b68fa2bdf,cb8d61b1-e5e2-4fdd-9024-6ccd08ae4e6e,"Introduction by Dr. Tobias Esch","epubcfi(/6/12!/4/2/2,/26/1:199,/32/1:349)",1786058839971,1786058841302,1331,0,0,206,1786058841873
e20f17de-736b-4c5c-a8ab-c534a8865286,cb8d61b1-e5e2-4fdd-9024-6ccd08ae4e6e,"Introduction by Dr. Tobias Esch","epubcfi(/6/12!/4/2/2,/40/3:65,/42/1:274)",1786058841302,1786058844197,2895,0,0,202,1786058846100
0030fb02-18a9-4a83-ab31-65e477d97a39,cb8d61b1-e5e2-4fdd-9024-6ccd08ae4e6e,"Introduction by Dr. Tobias Esch","epubcfi(/6/12!/4/2/2,/38/1:212,/40/3:687)",1786058844197,1786058846800,2603,0,0,199,1786058848702
82d18880-aac0-407d-80b0-2e40277f8c5f,cb8d61b1-e5e2-4fdd-9024-6ccd08ae4e6e,"Introduction by Dr. Tobias Esch","epubcfi(/6/12!/4/2/2,/40/3:65,/42/1:274)",1786058846800,1786058848714,1914,0,0,202,1786058850616
de611bc8-abb7-4e28-97a8-25ce363d9b3c,cb8d61b1-e5e2-4fdd-9024-6ccd08ae4e6e,"Introduction by Dr. Tobias Esch","epubcfi(/6/12!/4/2/2,/38/1:212,/40/3:687)",1786058848714,1786058850966,2252,0,0,199,1786058852868
1494acc1-faa0-4a90-a52b-95ce3ea2d883,cb8d61b1-e5e2-4fdd-9024-6ccd08ae4e6e,"Introduction by Dr. Tobias Esch","epubcfi(/6/12!/4/2/2,/40/3:65,/42/1:274)",1786058850966,1786058851555,589,0,0,202,1786058852868
81f22c43-a39d-46ef-b1f7-89895a15c328,cb8d61b1-e5e2-4fdd-9024-6ccd08ae4e6e,"Introduction by Dr. Tobias Esch","epubcfi(/6/12!/4/2/2,/42/1:274,/44/3:927)",1786058851555,1786058858729,7174,0,0,201,1786058860633
abeec84e-c06d-41f4-bfa9-ff5fa798972a,cb8d61b1-e5e2-4fdd-9024-6ccd08ae4e6e,"Introduction by Dr. Tobias Esch","epubcfi(/6/12!/4/2/2,/40/3:687,/44/3:213)",1786058858729,1786058863514,4785,0,0,187,1786058865415
5760a371-7826-4967-a426-0568e374a2d5,cb8d61b1-e5e2-4fdd-9024-6ccd08ae4e6e,"Introduction by Dr. Tobias Esch","epubcfi(/6/12!/4/2/2,/42/1:274,/44/3:927)",1786058863514,1786058864080,566,0,0,201,1786058865415
5d36935b-c4b1-4775-b00a-fe5ee08ba05c,cb8d61b1-e5e2-4fdd-9024-6ccd08ae4e6e,"Introduction by Dr. Tobias Esch","epubcfi(/6/12!/4/2/2,/44/3:927,/50/5:288)",1786058864080,1786058868913,4833,0,0,170,1786058870816
cf1db897-8834-4888-a3c7-93acd0f5e240,cb8d61b1-e5e2-4fdd-9024-6ccd08ae4e6e,"Introduction by Dr. Tobias Esch","epubcfi(/6/12!/4/2/2,/44/3:213,/48/1:202)",1786058868913,1786058876813,7900,0,0,161,1786058878715
388d4fe8-ceac-4444-bb5e-721f7ebfa4ba,cb8d61b1-e5e2-4fdd-9024-6ccd08ae4e6e,"Introduction by Dr. Tobias Esch","epubcfi(/6/12!/4/2/2,/38/1:212,/40/3:687)",1786058876813,1786058879110,2297,0,0,199,1786058881011
9dda976d-7682-4646-9cea-36def261f2e2,cb8d61b1-e5e2-4fdd-9024-6ccd08ae4e6e,"Introduction by Dr. Tobias Esch","epubcfi(/6/12!/4/2/2,/36/1:205,/40/3:65)",1786058879110,1786058883583,4473,0,0,209,1786058885485
f2da12d1-cfcc-4228-be07-6522ddf9f05c,cb8d61b1-e5e2-4fdd-9024-6ccd08ae4e6e,"Introduction by Dr. Tobias Esch","epubcfi(/6/12!/4/2/2,/38/1:212,/40/3:687)",1786058883583,1786058887332,3749,0,0,199,1786058889234
d5d5ac7b-d74a-43e5-b736-a534adefe8a1,cb8d61b1-e5e2-4fdd-9024-6ccd08ae4e6e,"Introduction by Dr. Tobias Esch","epubcfi(/6/12!/4/2/2,/36/1:205,/40/3:65)",1786058887332,1786058888271,939,0,0,209,1786058889234
eac40063-9eb9-4911-a778-e1d6238c3a82,cb8d61b1-e5e2-4fdd-9024-6ccd08ae4e6e,"Introduction by Dr. Tobias Esch","epubcfi(/6/12!/4/2/2,/32/1:349,/36/1:205)",1786058888271,1786058891911,3640,0,0,202,1786058893814
2327b6f8-c981-4085-9210-f9bcff185fa0,cb8d61b1-e5e2-4fdd-9024-6ccd08ae4e6e,"Introduction by Dr. Tobias Esch","epubcfi(/6/12!/4/2/2,/30/3:496,/34/3:27)",1786058891911,1786058898003,6092,0,0,205,1786058899710
e9259071-6058-4040-bd03-bfaa803d5a9a,cb8d61b1-e5e2-4fdd-9024-6ccd08ae4e6e,"Introduction by Dr. Tobias Esch","epubcfi(/6/12!/4/2/2,/34/3:27,/38/1:212)",1786058898003,1786058899709,1706,0,0,185,1786058899710
c0ea3118-4fc3-4165-9237-411a7036f32f,cb8d61b1-e5e2-4fdd-9024-6ccd08ae4e6e,"Introduction by Dr. Tobias Esch","epubcfi(/6/12!/4/2/2,/32/1:349,/36/1:205)",1786058905314,1786058906017,703,0,0,202,1786058906018
c5212be5-dd14-45f0-834a-34422602edd3,cb8d61b1-e5e2-4fdd-9024-6ccd08ae4e6e,"Introduction by Dr. Tobias Esch","epubcfi(/6/12!/4/2/2,/36/1:205,/40/3:65)",1786059965776,1786059966993,1217,0,0,209,1786059968896
187ef41e-b429-4e70-8cd1-f79f3b7b7d4e,cb8d61b1-e5e2-4fdd-9024-6ccd08ae4e6e,"Introduction by Dr. Tobias Esch","epubcfi(/6/12!/4/2/2,/40/3:65,/42/1:274)",1786059966993,1786059968179,1186,0,0,202,1786059968896
3240a144-525a-4ec8-a6de-bcd9c15efdb7,cb8d61b1-e5e2-4fdd-9024-6ccd08ae4e6e,"Introduction by Dr. Tobias Esch","epubcfi(/6/12!/4/2/2,/42/1:274,/44/3:927)",1786059968179,1786059968962,783,0,0,201,1786059969754
62b4a6fe-fada-407d-becb-4037638b18fd,cb8d61b1-e5e2-4fdd-9024-6ccd08ae4e6e,"Introduction by Dr. Tobias Esch","epubcfi(/6/12!/4/2/2,/44/3:927,/50/5:288)",1786059968962,1786059969753,791,0,0,170,1786059969754
39e63eea-d0bf-4089-8ee0-578d7c18fded,cb8d61b1-e5e2-4fdd-9024-6ccd08ae4e6e,"Introduction by Dr. Tobias Esch","epubcfi(/6/12!/4/2/2,/44/3:213,/48/1:202)",1786061659603,1786061693979,34376,0,0,161,1786061695881
a3450e94-6851-4e2c-b858-8cfbdfedc367,cb8d61b1-e5e2-4fdd-9024-6ccd08ae4e6e,"Introduction by Dr. Tobias Esch","epubcfi(/6/12!/4/2/2,/48/1:202,/54/1:131)",1786061693979,1786061696801,2822,0,0,185,1786061696802
fdc980cb-b944-4606-98cb-2f6d07641204,cb8d61b1-e5e2-4fdd-9024-6ccd08ae4e6e,"Introduction by Dr. Tobias Esch","epubcfi(/6/12!/4/2/2,/44/3:927,/50/5:288)",1786115850124,1786115852101,1977,0,0,170,1786115854006
d78901ba-ad6a-4f3a-b849-ce7056c66779,cb8d61b1-e5e2-4fdd-9024-6ccd08ae4e6e,"Introduction by Dr. Tobias Esch","epubcfi(/6/12!/4/2/2,/44/3:927,/50/5:288)",1786115852101,1786115858119,6018,0,0,170,1786115860023
3a55398d-7f12-42cb-ada6-c8ebaf7e46af,cb8d61b1-e5e2-4fdd-9024-6ccd08ae4e6e,"Introduction by Dr. Tobias Esch","epubcfi(/6/12!/4/2/2,/44/3:927,/50/5:288)",1786115858119,1786115859879,1760,0,0,170,1786115861783
b0d4242b-4e37-4c53-9c26-530c79954f86,cb8d61b1-e5e2-4fdd-9024-6ccd08ae4e6e,"Introduction by Dr. Tobias Esch","epubcfi(/6/12!/4/2/2,/44/3:927,/50/5:288)",1786115859879,1786115861648,1769,0,0,170,1786115863551
baefb8f1-ddd4-4a01-adc3-aa6505a94470,cb8d61b1-e5e2-4fdd-9024-6ccd08ae4e6e,"Introduction by Dr. Tobias Esch","epubcfi(/6/12!/4/2/2,/44/3:927,/50/5:288)",1786115861648,1786115862614,966,0,0,170,1786115863551
308ca36c-0370-432a-9240-e0814dfd946c,cb8d61b1-e5e2-4fdd-9024-6ccd08ae4e6e,"Introduction by Dr. Tobias Esch","epubcfi(/6/12!/4/2/2,/44/3:927,/50/5:288)",1786115862614,1786115865765,3151,0,0,170,1786115867668
135254be-b0cc-41af-95db-d2d46f360329,cb8d61b1-e5e2-4fdd-9024-6ccd08ae4e6e,"Introduction by Dr. Tobias Esch","epubcfi(/6/12!/4/2/2,/44/3:927,/50/5:288)",1786115865765,1786115866498,733,0,0,170,1786115867668
43b4e1b0-0b33-4726-8aba-39cf582d026d,cb8d61b1-e5e2-4fdd-9024-6ccd08ae4e6e,"Introduction by Dr. Tobias Esch","epubcfi(/6/12!/4/2/2,/44/3:927,/50/5:288)",1786115866498,1786115869799,3301,0,0,170,1786115869800
737a6c07-9fbe-4a26-9711-af27e681df4c,cb8d61b1-e5e2-4fdd-9024-6ccd08ae4e6e,"Introduction by Dr. Tobias Esch","epubcfi(/6/12!/4/2/2,/44/3:927,/50/5:288)",1786116349349,1786116353568,4219,0,0,170,1786116355472
67657971-aace-42cc-8bb1-cc72b8cd1e3e,cb8d61b1-e5e2-4fdd-9024-6ccd08ae4e6e,"Introduction by Dr. Tobias Esch","epubcfi(/6/12!/4/2/2,/44/3:927,/50/5:288)",1786116353568,1786116362206,8638,0,0,170,1786116362206
1d8e20c9-92ba-477a-8b2c-c2532f38cf11,cb8d61b1-e5e2-4fdd-9024-6ccd08ae4e6e,"Introduction by Dr. Tobias Esch","epubcfi(/6/12!/4/2/2,/44/3:927,/50/5:288)",1786119205243,1786119206220,977,0,0,170,1786119208124
5fc0134c-8ffd-42bf-ba88-84d00d5673c5,cb8d61b1-e5e2-4fdd-9024-6ccd08ae4e6e,"Introduction by Dr. Tobias Esch","epubcfi(/6/12!/4/2/2,/44/3:927,/50/5:288)",1786119206220,1786119216488,10268,0,0,170,1786119218391
c17d9a02-cf39-4bd5-9933-639b0d46e44f,cb8d61b1-e5e2-4fdd-9024-6ccd08ae4e6e,"Introduction by Dr. Tobias Esch","epubcfi(/6/12!/4/2/2,/44/3:927,/50/5:288)",1786119216488,1786119217191,703,0,0,170,1786119218391
2908477e-a13d-4da9-bcb2-885f7f1decfc,cb8d61b1-e5e2-4fdd-9024-6ccd08ae4e6e,"Introduction by Dr. Tobias Esch","epubcfi(/6/12!/4/2/2,/44/3:927,/50/5:288)",1786119217191,1786119219510,2319,0,0,170,1786119221413
17eaf8df-d742-41dc-9fd7-728c6d81306b,cb8d61b1-e5e2-4fdd-9024-6ccd08ae4e6e,"Introduction by Dr. Tobias Esch","epubcfi(/6/12!/4/2/2,/44/3:927,/50/5:288)",1786119219510,1786119219991,481,0,0,170,1786119221413
19392721-944a-4a2e-a527-b6e90b9cc1fb,cb8d61b1-e5e2-4fdd-9024-6ccd08ae4e6e,"Introduction by Dr. Tobias Esch","epubcfi(/6/12!/4/2/2,/44/3:927,/50/5:288)",1786119219991,1786119226270,6279,0,0,170,1786119226270
e4611f8a-a0eb-47a6-a54c-741d6c9b71fa,cb8d61b1-e5e2-4fdd-9024-6ccd08ae4e6e,"Introduction by Dr. Tobias Esch","epubcfi(/6/12!/4/2/2,/44/3:647,/48/5:133)",1786201867056,1786201868760,1704,0,0,144,1786201870665
588f2d75-de70-4520-b3a0-76d28313cd31,cb8d61b1-e5e2-4fdd-9024-6ccd08ae4e6e,"Introduction by Dr. Tobias Esch","epubcfi(/6/12!/4/2/2,/44/3:927,/50/5:288)",1786201868760,1786201869872,1112,0,0,170,1786201870665
97841aa7-fd0d-4df7-ba46-a48573e94ce3,cb8d61b1-e5e2-4fdd-9024-6ccd08ae4e6e,"Introduction by Dr. Tobias Esch","epubcfi(/6/12!/4/2/2,/42/1:274,/44/3:927)",1786201869872,1786201871006,1134,0,0,201,1786201872909
ab7e74b0-a2c0-4359-a468-f7c4f98fb284,cb8d61b1-e5e2-4fdd-9024-6ccd08ae4e6e,"Introduction by Dr. Tobias Esch","epubcfi(/6/12!/4/2/2,/40/3:65,/42/1:274)",1786201871006,1786201872074,1068,0,0,202,1786201872909
603024d3-db96-4384-9a09-487918c8bba1,cb8d61b1-e5e2-4fdd-9024-6ccd08ae4e6e,"Introduction by Dr. Tobias Esch","epubcfi(/6/12!/4/2/2,/42/1:274,/44/3:927)",1786201872074,1786201873306,1232,0,0,201,1786201875208
